{"mean_loss": 0.6337100267410278, "std_loss": 0.026953808963298798, "max_loss": 0.7015982866287231, "min_loss": 0.5703358054161072, "fid": 327.8741118231668, "best_fid": 321.9530051495892, "_timestamp": 1690932020.231103, "_runtime": 3619.389175891876, "_step": 3125, "_wandb": {"runtime": 3627}}