{"mean_loss": 0.33575254678726196, "std_loss": 0.028773730620741844, "max_loss": 0.403108149766922, "min_loss": 0.27288398146629333, "fid": 23.239911176842316, "best_fid": 20.469305156636302, "_timestamp": 1691019524.874274, "_runtime": 73522.28432393074, "_step": 67750, "_wandb": {"runtime": 73624}}